App_id,Name,Monthly_Flat_price,Monthly_per_user_price,Installs,Reviews,Avg Rating,Service Type,Security,Own By,Description,Product_urls
6572,Tempo Timesheets - Time Tracking & Reports,¬†10.00,USD¬†3.25 per user (average),27936,433,3.0,"Jira Cloud,Jira Server,Jira Data Center",CLOUD FORTIFIED,Tempo for JIRA,The #1 time management product in the Atlassian ecosystem since 2010,https://marketplace.atlassian.com/apps/6572/tempo-timesheets-time-tracking-reports?hosting=cloud&tab=overview
5167,Better PDF Exporter for Jira,¬†0.99,USD¬†2.40 per user (average),3787,290,4.0,"Jira Cloud,Jira Server,Jira Data Center",None,Midori Global Consulting Kft.,"Customizable PDF export for Jira: issue lists, dashboards, timesheets, invoices, Release Notes, story cards & custom documents",https://marketplace.atlassian.com/apps/5167/better-pdf-exporter-for-jira?hosting=cloud&tab=overview
1216988,Timesheet tracking for Jira,0,0,14263,97,3.5,"Jira Cloud,Jira Server,Jira Data Center",None,TouchDown,Top 3 Trending time tracking app ! Powerful and easy to use timesheet reports based on users worklogs,https://marketplace.atlassian.com/apps/1216988/timesheet-tracking-for-jira?hosting=cloud&tab=overview
294,Timesheet Reports & Gadgets,¬†5.00,USD¬†0.60 per user (average),11586,229,3.5,"Jira Cloud,Jira Server,Jira Data Center",None,"Prime Timesheet, s.r.o","Tempo‚Äôs entry-level time reporting app that extends Jira, capturing time spent on every project flow",https://marketplace.atlassian.com/apps/294/timesheet-reports-gadgets?hosting=cloud&tab=overview
1212495,Planning Poker ¬Æ,¬†10.00,USD¬†1.75 per user (average),2080,108,4.0,"Jira Cloud,Jira Server,Jira Data Center",None,Lizard Brain Atlassian Apps (an Appfire company),Top Rated. Cloud Security Compliant. Planning Poker,https://marketplace.atlassian.com/apps/1212495/planning-poker?hosting=cloud&tab=overview
1211756,Time in Status,¬†5.00,USD¬†0.85 per user (average),2902,59,3.5,"Jira Cloud,Jira Server,Jira Data Center",None,OBSS,"Identify bottlenecks in your process by reporting on how much time each issue spent on each status, each assignee or each group",https://marketplace.atlassian.com/apps/1211756/time-in-status?hosting=cloud&tab=overview
1211843,Time to SLA,¬†5.00,USD¬†1.00 per user (average),1838,99,4.0,"Jira Cloud,Jira Server,Jira Data Center",None,Snapbytes Limited (an Appfire company),"Best-selling SLA tracking app with solid configuration, reporting and searching features. Available on all Jira applications",https://marketplace.atlassian.com/apps/1211843/time-to-sla?hosting=cloud&tab=overview
1219004,Worklogs - Time Tracking and Reports,¬†2.50,USD¬†0.40 per user (average),1976,50,3.5,"Jira Cloud,Jira Server,Jira Data Center",CLOUD FORTIFIED,SolDevelo,Time reports and time tracking for members of your team done in an easy and flexible way,https://marketplace.atlassian.com/apps/1219004/worklogs-time-tracking-and-reports?hosting=cloud&tab=overview
1212942,Reports and Timesheets for Jira,¬†10.00,USD¬†2.25 per user (average),1960,83,3.5,"Jira Cloud,Jira Server,Jira Data Center",None,Bob Swift Atlassian Apps (an Appfire company),"Easily build meaningful reports in Jira to support daily operations, executive reporting, and more",https://marketplace.atlassian.com/apps/1212942/reports-and-timesheets-for-jira?hosting=cloud&tab=overview
1211881,Tempo Planner - Resource Planning,0,USD¬†1.75 per user (average),9200,118,2.5,"Jira Cloud,Jira Server,Jira Data Center",CLOUD FORTIFIED,Tempo for JIRA,"Compact, visual resource planning solution empowering businesses to optimize workforce capacities and achieve sustainable growth",https://marketplace.atlassian.com/apps/1211881/tempo-planner-resource-planning?hosting=cloud&tab=overview
1213545,Work Time Tracking Calendar for Jira,¬†5.00,USD¬†0.60 per user (average),1565,64,3.5,"Jira Cloud,Jira Server,Jira Data Center",None,BrizoIT,"Planning and time tracking, report generation, calendar export, timers, conditional colors, and much more",https://marketplace.atlassian.com/apps/1213545/work-time-tracking-calendar-for-jira?hosting=cloud&tab=overview
1220860,ActivityTimeline: Resource Planning & Time Tracking,0,USD¬†2.50 per user (average),1157,53,4.0,"Jira Cloud,Jira Server,Jira Data Center",CLOUD FORTIFIED,Reliex,"Team management & capacity Planner with Time tracking and Timeline per each team/resource, easy-to-use yet powerful Reports",https://marketplace.atlassian.com/apps/1220860/activitytimeline-resource-planning-time-tracking?hosting=cloud&tab=overview
1212077,Time Reports,0,USD¬†0.30 per user (average),5452,108,3.0,"Jira Cloud,Jira Server,Jira Data Center",None,"Prime Timesheet, s.r.o","Flexible time tracking and reporting of time spent on Projects, Epics or Initiatives broken down by Days, Users or Issue Statuses",https://marketplace.atlassian.com/apps/1212077/time-reports?hosting=cloud&tab=overview
1211768,WBS Gantt-Chart for Jira,¬†2.50,USD¬†1.25 per user (average),5662,122,2.5,"Jira Cloud,Jira Server,Jira Data Center",None,"Ricksoft, Inc.",Visualize success! See your plans clearly with the Jira Gantt chart plugin designed for busy project management professionals,https://marketplace.atlassian.com/apps/1211768/wbs-gantt-chart-for-jira?hosting=cloud&tab=overview
1217809,Structure.Gantt - Planning at Scale,0,USD¬†0.80 per user (average),4591,24,3.5,"Jira Cloud,Jira Server,Jira Data Center",CLOUD FORTIFIED,ALM Works,"Visualize dependencies and timelines across large-scale projects with an adaptable, easy-to-use Gantt chart solution for Jira",https://marketplace.atlassian.com/apps/1217809/structure-gantt-planning-at-scale?hosting=cloud&tab=overview
1221748,Cost Tracker for Tempo Timesheets,¬†10.00,USD¬†1.75 per user (average),1889,20,3.0,Jira Cloud,CLOUD FORTIFIED,Tempo for JIRA,"Simple and effective project cost and revenue tracking for Tempo Timesheets, with clear cost management for projects and budgets",https://marketplace.atlassian.com/apps/1221748/cost-tracker-for-tempo-timesheets?hosting=cloud&tab=overview
1212652,Better Excel Exporter for Jira,0,0,2485,164,4.0,"Jira Server,Jira Data Center",None,Midori Global Consulting Kft.,"Full-blown native Excel exports, spreadsheet reports and Business Intelligence for Jira",https://marketplace.atlassian.com/apps/1212652/better-excel-exporter-for-jira?hosting=datacenter&tab=overview
1219732,Time in Status for Jira Cloud,0,USD¬†1.15 per user (average),937,39,3.5,Jira Cloud,None,SaaSJet,üèÖThe Must-Have Add-on for Status Duration Reporting in Jira Cloud,https://marketplace.atlassian.com/apps/1219732/time-in-status-for-jira-cloud?hosting=cloud&tab=overview
700473,Agile Poker for Jira - planning & estimation,¬†5.00,USD¬†2.50 per user (average),2103,91,4.0,"Jira Cloud,Jira Server,Jira Data Center",None,Spartez Software (an Appfire company),More than just a planning poker. App that offers several methods for accurate and convenient backlog estimations by Scrum Teams,https://marketplace.atlassian.com/apps/700473/agile-poker-for-jira-planning-estimation?hosting=cloud&tab=overview
1219292,Team Worklog Reports,¬†2.35,USD¬†0.35 per user (average),2280,35,3.5,Jira Cloud,None,Gebsun,Fast and easy worklog reports for your team,https://marketplace.atlassian.com/apps/1219292/team-worklog-reports?hosting=cloud&tab=overview
1211243,Timetracker - Time Tracking & Reporting,¬†2.50,USD¬†0.40 per user (average),1902,67,3.5,"Jira Cloud,Jira Server,Jira Data Center",None,Everit Kft.,Simple and easy time tracking for Jira with powerful timesheet and cost reporting,https://marketplace.atlassian.com/apps/1211243/timetracker-time-tracking-reporting?hosting=cloud&tab=overview
1211125,Automated Log Work for Jira,¬†5.00,USD¬†0.55 per user (average),2260,97,3.0,"Jira Cloud,Jira Server,Jira Data Center",None,Gebsun,Never enter worklogs manually again. Track time seamlessly and precisely,https://marketplace.atlassian.com/apps/1211125/automated-log-work-for-jira?hosting=cloud&tab=overview
1222150,Gantt Suite for Jira,¬†2.00,USD¬†1.00 per user (average),1651,10,4.0,"Jira Cloud,Jira Server,Jira Data Center",None,BrizoIT,Project visualization via Gantt chart. Tasks and resources planning. Easy to setup. Intuitive UI,https://marketplace.atlassian.com/apps/1222150/gantt-suite-for-jira?hosting=cloud&tab=overview
1218151,Capacity Tracker,¬†5.00,USD¬†0.50 per user (average),1460,26,3.5,"Jira Cloud,Jira Server,Jira Data Center",None,Inprowiser Engineering,"Manage your team workload, easily ‚Äì For Scrum & Kanban",https://marketplace.atlassian.com/apps/1218151/capacity-tracker?hosting=cloud&tab=overview
1211499,Issue History Collector - See History,¬†1.25,USD¬†0.60 per user (average),1372,35,3.5,"Jira Cloud,Jira Server,Jira Data Center",None,Anova Apps (an Appfire company),"Jira ticket tracking & monitoring, bug tracking, export ticket history, project statistics, see history of issues",https://marketplace.atlassian.com/apps/1211499/issue-history-collector-see-history?hosting=cloud&tab=overview
1219213,Clockwork Automated Timesheets Pro,¬†5.00,USD¬†0.80 per user (average),991,36,4.0,Jira Cloud,None,HeroCoders,Easy and accurate time tracking. Log work automatically by issue status. Use reports to understand the tempo of your team‚Äôs work,https://marketplace.atlassian.com/apps/1219213/clockwork-automated-timesheets-pro?hosting=cloud&tab=overview
1211022,Links Hierarchy - Tracking & analytics for dependencies,¬†4.00,USD¬†0.40 per user (average),1247,24,3.5,"Jira Cloud,Jira Server,Jira Data Center",None,Marketplace Expert SL,"Sum up & Analytics for Epics, Sprints, and related Issues and Subtasks in an automatic, powerful, firendly and flexible way",https://marketplace.atlassian.com/apps/1211022/links-hierarchy-tracking-analytics-for-dependencies?hosting=cloud&tab=overview
1211040,My.com Calendar,0,0,731,258,4.0,Jira Server,None,My.com,Browse issues and create events in calendar format,https://marketplace.atlassian.com/apps/1211040/my-com-calendar?hosting=server&tab=overview
1223423,ProScheduler: Resource Planning & Project Management,¬†5.00,USD¬†1.00 per user (average),833,77,3.5,"Jira Cloud,Jira Server,Jira Data Center",None,DevSamurai,"Beautiful modern tool for resource management & project management. Visualize team's workload, project's tempo & Gantt timeline",https://marketplace.atlassian.com/apps/1223423/proscheduler-resource-planning-project-management?hosting=cloud&tab=overview
1221281,Async Poker - Remote Planning&Estimation,¬†3.00,USD¬†0.85 per user (average),699,39,4.0,Jira Cloud,None,Do Async,"Planning Poker for estimating your product backlog activities in an async method for collocated, distributed, remote Agile teams",https://marketplace.atlassian.com/apps/1221281/async-poker-remote-planning-estimation?hosting=cloud&tab=overview
1212626,WorklogPRO - Timesheets for Jira,0,0,687,30,4.0,"Jira Server,Jira Data Center",None,The Starware,Effective time tracking and reporting for Jira,https://marketplace.atlassian.com/apps/1212626/worklogpro-timesheets-for-jira?hosting=datacenter&tab=overview
1215495,Toggl Integration for Jira,¬†5.00,USD¬†1.50 per user (average),853,29,3.5,"Jira Cloud,Jira Server",None,Lizard Brain Atlassian Apps (an Appfire company),Toggl Integration for Jira ‚Äî your integrated time tracking,https://marketplace.atlassian.com/apps/1215495/toggl-integration-for-jira?hosting=cloud&tab=overview
1210975,Calendar for Jira ‚Äî Resource planning,¬†1.50,USD¬†0.50 per user (average),1067,84,2.5,"Jira Cloud,Jira Server,Jira Data Center",None,Teamlead,Display and plan one or all of your projects right in the Calendar and share it with your team. Switch between views during work,https://marketplace.atlassian.com/apps/1210975/calendar-for-jira-resource-planning?hosting=cloud&tab=overview
1213798,Timesheets for Jira,¬†10.00,USD¬†2.00 per user (average),570,36,3.5,"Jira Cloud,Jira Server,Jira Data Center",None,Bob Swift Atlassian Apps (an Appfire company),"Advanced Jira time tracking ‚Äî powerful time reports, simple time entry, custom attributes, approval process, & Tempo integration",https://marketplace.atlassian.com/apps/1213798/timesheets-for-jira?hosting=cloud&tab=overview
1218221,üíé Feature Bundle for Jira Service Management,¬†5.00,USD¬†0.50 per user (average),236,22,3.5,"Jira Cloud,Jira Server,Jira Data Center",None,Appsvio,Extension hub for Jira Service Management projects,https://marketplace.atlassian.com/apps/1218221/feature-bundle-for-jira-service-management?hosting=cloud&tab=overview
1219429,Status & Progress Report Gadget for Jira,¬†1.00,USD¬†0.75 per user (average),707,8,4.0,"Jira Cloud,Jira Server,Jira Data Center",CLOUD FORTIFIED,Agilis LT,"Gain visibility into your project status & progress in a dashboard gadget. Sum up story points by user, sprint, epic or JQL filter",https://marketplace.atlassian.com/apps/1219429/status-progress-report-gadget-for-jira?hosting=cloud&tab=overview
1218137,Roll-Up Reports for Jira,0,0,933,18,3.0,Jira Cloud,None,Bob Swift Atlassian Apps (an Appfire company),"Roll-up Summary reports for Epics, Sprints, Fix Versions, Agile Boards and more",https://marketplace.atlassian.com/apps/1218137/roll-up-reports-for-jira?hosting=cloud&tab=overview
1210953,Stateoscope,0,0,669,12,3.5,"Jira Server,Jira Data Center",None,Snapbytes Limited (an Appfire company),All issue state history at a glance,https://marketplace.atlassian.com/apps/1210953/stateoscope?hosting=datacenter&tab=overview
1219470,Swanly - Project Portfolio Roadmaps & Teams Reports for Jira,¬†10.00,USD¬†1.50 per user (average),671,22,3.5,Jira Cloud,None,Jexo,"Jira portfolio project management roadmapping and reporting tool for epics, issues and release management + cross-project releases",https://marketplace.atlassian.com/apps/1219470/swanly-project-portfolio-roadmaps-teams-reports-for-jira?hosting=cloud&tab=overview
1220287,EpicTime for Jira - SumUp of Worklogs,¬†3.00,USD¬†0.30 per user (average),652,10,3.5,"Jira Cloud,Jira Server,Jira Data Center",None,Teamlead,Sum up the work logs of the tiniest child issues to the epic,https://marketplace.atlassian.com/apps/1220287/epictime-for-jira-sumup-of-worklogs?hosting=cloud&tab=overview
1213902,Filters Activity Stream,¬†4.00,USD¬†0.40 per user (average),395,19,4.0,"Jira Cloud,Jira Server,Jira Data Center",None,Ugubi.io,Streamline your activity feed with basic or JQL filter to see what matters most,https://marketplace.atlassian.com/apps/1213902/filters-activity-stream?hosting=cloud&tab=overview
1218655,Performance Objectives: Charts & Reports,¬†3.00,USD¬†1.00 per user (average),380,24,4.0,"Jira Cloud,Jira Server,Jira Data Center",CLOUD FORTIFIED,Nara Syst Ltd.,"Clear KPI, SLA and OKR reporting. Objective recognition of personal and team goals. Chart and pivot time tracking",https://marketplace.atlassian.com/apps/1218655/performance-objectives-charts-reports?hosting=cloud&tab=overview
1218173,Harvest Time Tracking by 42nd,¬†5.00,USD¬†0.50 per user (average),451,21,3.5,"Jira Cloud,Jira Server",None,42nd,Harvest powered time tracking right from issues in Jira,https://marketplace.atlassian.com/apps/1218173/harvest-time-tracking-by-42nd?hosting=cloud&tab=overview
1220908,Time in status | SLA | Timer | Stopwatch for Jira DC/Cloud,¬†3.00,USD¬†0.35 per user (average),491,5,4.0,"Jira Cloud,Jira Server,Jira Data Center",None,JiBrok,Tracking the time spent in different statuses. Allows you to solve a large number of scenarios using a set of functionality,https://marketplace.atlassian.com/apps/1220908/time-in-status-sla-timer-stopwatch-for-jira-dc-cloud?hosting=cloud&tab=overview
1216516,Worklogs Report,¬†5.00,USD¬†1.20 per user (average),466,11,3.5,"Jira Cloud,Jira Server,Jira Data Center",None,Colined,Smart tracking of logged hours and worklog comments,https://marketplace.atlassian.com/apps/1216516/worklogs-report?hosting=cloud&tab=overview
293,Jira Calendar Plugin,0,0,11564,111,3.0,Jira Server,None,Atlassian,The Jira Calendar Plugin shows issues and versions in a calendar format based on their due date,https://marketplace.atlassian.com/apps/293/jira-calendar-plugin?hosting=server&tab=overview
1210885,ictime TimeTracking & Reporting for Jira,0,0,326,29,3.5,Jira Server,None,Smadoa GmbH,"Easy, flexible time tracking, powerful reporting, and accounting for Jira",https://marketplace.atlassian.com/apps/1210885/ictime-timetracking-reporting-for-jira?hosting=server&tab=overview
1212049,Hide Time Tracking for Jira Server,0,0,511,18,3.0,"Jira Server,Jira Data Center",None,Gebsun,Hide time tracking information from external users,https://marketplace.atlassian.com/apps/1212049/hide-time-tracking-for-jira-server?hosting=datacenter&tab=overview
1221826,Status Time,¬†0.50,USD¬†0.65 per user (average),389,14,3.5,"Jira Cloud,Jira Server,Jira Data Center",None,Bloompeak,"Reports for time in status or assignee. Group statuses to get Lead time, Cycle time. Identify process bottlenecks and take actions",https://marketplace.atlassian.com/apps/1221826/status-time?hosting=cloud&tab=overview
1221332,"Clerk Invoices ‚Äî Billing, Invoicing & Time Reports for Jira",¬†10.00,USD¬†2.00 per user (average),296,15,4.0,Jira Cloud,None,"Hello Clerk, Inc.",üëè Create invoices from Jira worklogs in a few clicks¬†¬†üßê Time and cost reports for clients ¬†‚úÖ Find uninvoiced Jira hours,https://marketplace.atlassian.com/apps/1221332/clerk-invoices-billing-invoicing-time-reports-for-jira?hosting=cloud&tab=overview
1217495,Sprint Capacity Planning & Tracking,¬†4.00,USD¬†0.40 per user (average),510,17,3.0,"Jira Cloud,Jira Server,Jira Data Center",None,Add-On Experts Center,Plan your team and resources commitment for your sprint workload right in your agile scrum board,https://marketplace.atlassian.com/apps/1217495/sprint-capacity-planning-tracking?hosting=cloud&tab=overview
1219487,Simple Timesheet & Worklog Dashboard Gadget for Jira,¬†1.00,USD¬†0.75 per user (average),304,13,4.0,"Jira Cloud,Jira Server,Jira Data Center",CLOUD FORTIFIED,Agilis LT,"Gain visibility into your time tracking data with a dashboard gadget. View timesheets with hours logged by users, projects and etc",https://marketplace.atlassian.com/apps/1219487/simple-timesheet-worklog-dashboard-gadget-for-jira?hosting=cloud&tab=overview
1215652,Relative Time Converter,0,0,319,10,4.0,Jira Server,None,"MoroSystems, s.r.o.",Relative or explicit time? This converter allows you to display both values in the same time,https://marketplace.atlassian.com/apps/1215652/relative-time-converter?hosting=server&tab=overview
1220750,Clockwork Automated Timesheets Free,0,0,4339,47,4.0,Jira Cloud,None,HeroCoders,Easiest and precise time tracking. Never log work manually again. Overview your team or company worklogs with powerful reports,https://marketplace.atlassian.com/apps/1220750/clockwork-automated-timesheets-free?hosting=cloud&tab=overview
1219709,Rich Filters::Time Tracking Dashboards,0,0,373,3,4.0,"Jira Server,Jira Data Center",None,Qotilabs,Increase productivity with interactive dashboards & reports for timesheets & work logs,https://marketplace.atlassian.com/apps/1219709/rich-filters-time-tracking-dashboards?hosting=datacenter&tab=overview
1220726,Timeline for Jira,¬†0.70,USD¬†0.35 per user (average),536,3,2.5,"Jira Cloud,Jira Server",None,Doitbetter,"Timeline, Resource planning, Team capacity",https://marketplace.atlassian.com/apps/1220726/timeline-for-jira?hosting=cloud&tab=overview
1222624,Clockify: Time Tracking & Timesheet,0,0,5522,51,3.0,"Jira Cloud,Jira Server",None,COING,The only 100% FREE time tracking and timesheet app for Jira,https://marketplace.atlassian.com/apps/1222624/clockify-time-tracking-timesheet?hosting=cloud&tab=overview
1213605,Tracking & Estimation for Jira,¬†10.00,USD¬†1.00 per user (average),262,24,3.5,"Jira Cloud,Jira Server,Jira Data Center",None,ADWEB Software,Project Management Plugin with Role Based Time Tracking & Estimation Reports Aiding Over 66% Improved Working Efficiency,https://marketplace.atlassian.com/apps/1213605/tracking-estimation-for-jira?hosting=cloud&tab=overview
1220574,Agile Docs - Hierarchy for Jira,¬†10.00,USD¬†1.00 per user (average),369,8,3.0,Jira Cloud,None,Rhys Diab,"Visualise any project, release or filter in a tree. Extend Jira's default issue hierarchy. Report progress based on estimates",https://marketplace.atlassian.com/apps/1220574/agile-docs-hierarchy-for-jira?hosting=cloud&tab=overview
1216997,Report Builder,¬†5.00,USD¬†1.50 per user (average),199,25,4.0,"Jira Cloud,Jira Server,Jira Data Center",None,Actonic GmbH,Report Builder covers all your Jira reporting needs. Create any report imaginable with the fastest reporting tool on the market,https://marketplace.atlassian.com/apps/1216997/report-builder?hosting=cloud&tab=overview
1219703,Time Tracking & Estimation Report Dashboard Gadget for Jira,¬†1.00,USD¬†0.60 per user (average),289,5,4.0,"Jira Cloud,Jira Server,Jira Data Center",CLOUD FORTIFIED,Agilis LT,"Get better at time estimation - compare time spent, remaining estimate & original estimate. View progress in a dashboard gadget",https://marketplace.atlassian.com/apps/1219703/time-tracking-estimation-report-dashboard-gadget-for-jira?hosting=cloud&tab=overview
1223200,"Agile Tools-Epic Tree, Links Tree, Time in Status & Worklogs",¬†5.00,USD¬†0.65 per user (average),224,7,4.0,"Jira Cloud,Jira Server,Jira Data Center",None,RVS,"All in one add-on. Epic Sum up, Links Hierarchy with rolled up estimates, Multiple Time in Status reports, Worklogs & Timesheets",https://marketplace.atlassian.com/apps/1223200/agile-tools-epic-tree-links-tree-time-in-status-worklogs?hosting=cloud&tab=overview
1220227,Clockify Integration by Lizard Brain,¬†5.00,USD¬†0.75 per user (average),209,9,3.5,"Jira Cloud,Jira Server",None,Lizard Brain Atlassian Apps (an Appfire company),Clockify Integration for Jira ‚Äî your integrated time tracking,https://marketplace.atlassian.com/apps/1220227/clockify-integration-by-lizard-brain?hosting=cloud&tab=overview
1218371,Project TimeLine,¬†10.00,USD¬†1.25 per user (average),188,11,3.5,"Jira Cloud,Jira Server,Jira Data Center",None,Nemetschek Bulgaria,"Get the overall picture of Multiple Projects on an Annual TimeLine, Plan, Track and Forecast",https://marketplace.atlassian.com/apps/1218371/project-timeline?hosting=cloud&tab=overview
1221297,"Planyway: Resource Planning, Project Roadmap, Time Tracking",¬†10.00,USD¬†2.00 per user (average),177,5,4.0,"Jira Cloud,Jira Data Center",None,Planyway for Jira,Gantt-like timeline to display your team workload and project portfolio in many ways,https://marketplace.atlassian.com/apps/1221297/planyway-resource-planning-project-roadmap-time-tracking?hosting=cloud&tab=overview
1212714,Miscellaneous Tracking for Jira,0,0,156,10,3.5,"Jira Server,Jira Data Center",None,ADWEB Software,Extended time logging for more than just Jira tasks. Time logging & reporting for everything else that's not part of a project,https://marketplace.atlassian.com/apps/1212714/miscellaneous-tracking-for-jira?hosting=datacenter&tab=overview
1218888,Simple Custom Reports & Charts for Jira,¬†1.00,USD¬†1.50 per user (average),200,3,4.0,"Jira Cloud,Jira Server,Jira Data Center",CLOUD FORTIFIED,Agilis LT,"Instantly create powerful, easy to use custom reports for kanban, scrum or any other teams with minimal configuration",https://marketplace.atlassian.com/apps/1218888/simple-custom-reports-charts-for-jira?hosting=cloud&tab=overview
5274,Time Tracking And Billing Reporting,0,0,169,13,3.0,"Jira Server,Jira Data Center",None,jPlugs,Affordable and comprehensive time tracking for Jira,https://marketplace.atlassian.com/apps/5274/time-tracking-and-billing-reporting?hosting=datacenter&tab=overview
1212891,Auto Plan Time for TEMPO,0,0,156,6,3.5,Jira Server,None,OBSS,Sync data between TEMPO calendars and Jira Issue fields,https://marketplace.atlassian.com/apps/1212891/auto-plan-time-for-tempo?hosting=server&tab=overview
1215177,AIM Resource Management for Jira,0,0,126,7,4.0,Jira Server,None,AIM - Agile IT Management,Straightforward and easy resource planning and transparency,https://marketplace.atlassian.com/apps/1215177/aim-resource-management-for-jira?hosting=server&tab=overview
1217919,Mobius Timesheet - Time Tracking Reports,¬†1.00,USD¬†0.45 per user (average),110,21,3.5,"Jira Cloud,Jira Server",None,Heckr,"View time spent by author, assignee, project, team, or any other Jira field available. Easy to use time logs and reports",https://marketplace.atlassian.com/apps/1217919/mobius-timesheet-time-tracking-reports?hosting=cloud&tab=overview
1219006,Crystal Gantt - for JIRA,¬†2.00,USD¬†0.30 per user (average),163,10,3.0,Jira Cloud,None,RadiantQ,Gantt Visualization for your Project for better Task and Resource Management,https://marketplace.atlassian.com/apps/1219006/crystal-gantt-for-jira?hosting=cloud&tab=overview
1213331,Epic Sum Up - Light,0,0,3116,35,2.5,"Jira Cloud,Jira Server",None,APTIS GmbH,Use epics as a project context and see all time spent in all containing issues,https://marketplace.atlassian.com/apps/1213331/epic-sum-up-light?hosting=cloud&tab=overview
1211628,Harvest Time Tracking (Official),0,0,2781,138,2.0,Jira Cloud,None,Harvest,Harvest powered time tracking right from issues in Jira,https://marketplace.atlassian.com/apps/1211628/harvest-time-tracking-official?hosting=cloud&tab=overview
1219258,Agile Dashboard for Project Management,¬†2.50,USD¬†0.40 per user (average),75,26,4.0,"Jira Cloud,Jira Server",None,SolDevelo,Manage your project smarter! Spot the challenges awaiting your team and use the knowledge to upgrade your work every day,https://marketplace.atlassian.com/apps/1219258/agile-dashboard-for-project-management?hosting=cloud&tab=overview
1218809,Quantify TimeSpent,0,0,1326,23,3.5,,None,Quantify Technologies Inc.,"Meet the lean time tracking approach, a better alternative to manual work logging. Solution for Capex, SRED, Agile KPIs and more",https://marketplace.atlassian.com/apps/1218809/quantify-timespent?hosting=cloud&tab=overview
1211118,Intelligent Reports,0,0,99,9,3.5,"Jira Server,Jira Data Center",None,Clarios Technology,"Create professional, custom Microsoft Word reports from your Jira data",https://marketplace.atlassian.com/apps/1211118/intelligent-reports?hosting=datacenter&tab=overview
1216636,Pulse Timesheet with Worklogs Gadget,¬†1.00,USD¬†0.20 per user (average),120,9,3.0,Jira Cloud,None,PulseKit,Smart Timesheet Report tool with dashboard gadget for your worklogs,https://marketplace.atlassian.com/apps/1216636/pulse-timesheet-with-worklogs-gadget?hosting=cloud&tab=overview
1226187,Time in Status Reports,0,0,101,3,4.0,Jira Cloud,None,RVS,Create reports for time in each status. Group statuses to define lead/cycle time. Identify process bottlenecks and take actions,https://marketplace.atlassian.com/apps/1226187/time-in-status-reports?hosting=cloud&tab=overview
1223727,Excel-like Tables for Jira,¬†1.50,USD¬†0.90 per user (average),141,3,3.5,Jira Cloud,None,"Ricksoft, Inc.",Making a spreadsheet on your issue is easier than ever. Filter/PivotTable/Sheet export are available,https://marketplace.atlassian.com/apps/1223727/excel-like-tables-for-jira?hosting=cloud&tab=overview
1217264,Log work as another user for Jira,0,0,147,4,3.0,"Jira Server,Jira Data Center",None,Sistel SL,Log work as another user and keep time tracking updated,https://marketplace.atlassian.com/apps/1217264/log-work-as-another-user-for-jira?hosting=server&tab=overview
1215632,xPort - Custom Worklog Export for Jira,0,0,104,4,4.0,Jira Server,None,Decadis AG,"Make the most out of Jira work logs - consolidate, enhance, extend and automatically export working times",https://marketplace.atlassian.com/apps/1215632/xport-custom-worklog-export-for-jira?hosting=server&tab=overview
1214286,Agile Remaining Estimate Counter,¬†8.00,USD¬†0.75 per user (average),97,8,3.5,"Jira Cloud,Jira Server,Jira Data Center",None,Rozdoum,Ensure your sprint commitments easily by monitoring correct remaining estimates right at Jira Agile Boards,https://marketplace.atlassian.com/apps/1214286/agile-remaining-estimate-counter?hosting=cloud&tab=overview
1222149,Team Worklog Reports Lite,0,0,1052,8,4.0,Jira Cloud,None,Gebsun,Discover work log data numbers via simple and powerfull reports,https://marketplace.atlassian.com/apps/1222149/team-worklog-reports-lite?hosting=cloud&tab=overview
1219348,Hours Reports (Work Log Time Reports),¬†5.00,USD¬†0.50 per user (average),130,4,3.0,Jira Cloud,None,Aneto Software,"Timesheets of logged hours by Employee, Project, Issue Type. Set up hourly rates, extract timesheets and spendings in Excel",https://marketplace.atlassian.com/apps/1219348/hours-reports-work-log-time-reports?hosting=cloud&tab=overview
1218992,Timesheet Export for Jira,¬†4.75,USD¬†0.55 per user (average),160,0,0.0,Jira Cloud,None,Wruff,"Time tracking spreadsheet exports for Excel & Google Drive, plus time tracking for next-gen projects",https://marketplace.atlassian.com/apps/1218992/timesheet-export-for-jira?hosting=cloud&tab=overview
1221840,Budgetizer,¬†4.00,USD¬†0.40 per user (average),68,8,4.0,Jira Cloud,None,Ugubi.io,Budgetizer is an expense tracker for visualizing issues cost in real time,https://marketplace.atlassian.com/apps/1221840/budgetizer?hosting=cloud&tab=overview
1222051,Status Time Free,0,0,1376,9,3.0,"Jira Cloud,Jira Server,Jira Data Center",None,Bloompeak,"Reports for time in status or assignee. Group statuses to get Lead time, Cycle time. Identify process bottlenecks and take actions",https://marketplace.atlassian.com/apps/1222051/status-time-free?hosting=cloud&tab=overview
1218582,Leave Tracker - Vacations & Sick Days Tracker for Jira Cloud,¬†10.00,USD¬†1.50 per user (average),88,6,3.5,Jira Cloud,None,Alty Inc.,Easily track your team members' üèù vacation days and üíä  sick leaves,https://marketplace.atlassian.com/apps/1218582/leave-tracker-vacations-sick-days-tracker-for-jira-cloud?hosting=cloud&tab=overview
1224927,"Capacity Planning, Time Tracking, Timesheets & Cost for Jira",0,0,721,25,4.0,Jira Cloud,None,DevSamurai,"Complete solution for Team management, time tracking, timesheet, vacation, calendar, timeline, report, cost & invoice management",https://marketplace.atlassian.com/apps/1224927/capacity-planning-time-tracking-timesheets-cost-for-jira?hosting=cloud&tab=overview
1219031,Simple Reports & Charts Lite for Jira,0,0,1486,6,3.0,Jira Cloud,None,Agilis LT,"Generate reports and charts in just a couple of clicks, no need for lengthy configuration",https://marketplace.atlassian.com/apps/1219031/simple-reports-charts-lite-for-jira?hosting=cloud&tab=overview
1222114,Flexible Calendar for Jira,0,0,61,10,4.0,"Jira Server,Jira Data Center",None,Reinwok,"JIRA calendar/timeline planner for project managers, event planners, HR managers, and whoever needs a more visual calendar planner",https://marketplace.atlassian.com/apps/1222114/flexible-calendar-for-jira?hosting=datacenter&tab=overview
1218179,Workboard,¬†10.00,USD¬†3.00 per user (average),76,7,3.5,"Jira Cloud,Jira Server,Jira Data Center",None,2000BC,Get freedom in defining HOW to do your work. Visualize Sprint Backlog and subtasks in a form of a Agile Whiteboard,https://marketplace.atlassian.com/apps/1218179/workboard?hosting=cloud&tab=overview
1216398,Chronos -Timetracking System for Jira,¬†10.00,USD¬†2.50 per user (average),115,6,2.5,"Jira Cloud,Jira Server",None,WebPal,"Seamless time tracking and reports, bundled with native desktop app. Cross-platform. Simple. Fully integrated",https://marketplace.atlassian.com/apps/1216398/chronos-timetracking-system-for-jira?hosting=cloud&tab=overview
1213874,Service Desk Reporter,0,0,73,4,4.0,Jira Server,None,OBSS,Detailed lists or grouped Success Ratio reports on Jira Service Desk SLA Metrics,https://marketplace.atlassian.com/apps/1213874/service-desk-reporter?hosting=server&tab=overview
1212789,Reopening Counter for Jira,¬†5.00,USD¬†0.50 per user (average),88,11,3.0,"Jira Cloud,Jira Server",None,Rozdoum,Reopening counter for Jira identifies problematic issues in projects. Highlights possible improvement points in a team,https://marketplace.atlassian.com/apps/1212789/reopening-counter-for-jira?hosting=cloud&tab=overview
1219894,eZee Worklog,0,0,724,14,3.5,"Jira Cloud,Jira Server",None,Eyzee,"Most complete worklog entry manager ! Use stopwatch / timer, enter time spent or time series and manage it all on 1 gadget",https://marketplace.atlassian.com/apps/1219894/ezee-worklog?hosting=cloud&tab=overview
1221714,ContractsPro - Service Contract Management,¬†5.00,USD¬†1.00 per user (average),57,11,3.5,Jira Cloud,None,MindPro,"Manage service contracts, cost tracking, billable & non-billable work, timesheets, and notifications in Jira using a single tool",https://marketplace.atlassian.com/apps/1221714/contractspro-service-contract-management?hosting=cloud&tab=overview
1219264,Sprint and Capacity Planning,¬†10.00,USD¬†1.75 per user (average),67,4,4.0,Jira Cloud,None,"DiViM, Inc.","Plan sprints viewing the team capacity and allocation, and past velocity in a single screen",https://marketplace.atlassian.com/apps/1219264/sprint-and-capacity-planning?hosting=cloud&tab=overview
1217781,Status History,0,0,99,0,0.0,Jira Server,None,Lime Trees,"Analyze the history of statuses and users changes in time, using interactive table and timeline, on demand, directly on your issue",https://marketplace.atlassian.com/apps/1217781/status-history?hosting=server&tab=overview
1217344,Hourglass Time Tracking for Jira,¬†4.00,USD¬†2.00 per user (average),78,3,3.5,Jira Cloud,None,LunarLincoln,Simple and seamless one-click time tracking + helpful dashboard gadget,https://marketplace.atlassian.com/apps/1217344/hourglass-time-tracking-for-jira?hosting=cloud&tab=overview
1218421,Epic Sum Summary - Epic Time Stats,¬†3.80,USD¬†0.35 per user (average),53,17,3.5,Jira Cloud,None,Heckr,"Sum up your Epic's Time Spent, Original Estimate, Time Remaining, and Percent Complete. Aggregates all related tasks and subtasks",https://marketplace.atlassian.com/apps/1218421/epic-sum-summary-epic-time-stats?hosting=cloud&tab=overview
1218840,Toggl Time Tracking for Jira,¬†5.00,USD¬†0.50 per user (average),79,8,3.0,Jira Cloud,None,42nd,Toggl powered time tracking right from issues in Jira,https://marketplace.atlassian.com/apps/1218840/toggl-time-tracking-for-jira?hosting=cloud&tab=overview
1216858,TROCK Timetracking Overview And Logging,0,0,599,10,4.0,Jira Server,None,Johannes  Heger,"Have an overview of all your logged time, and log work easily",https://marketplace.atlassian.com/apps/1216858/trock-timetracking-overview-and-logging?hosting=server&tab=overview
1214821,TMetric - Time Tracker for Jira,0,0,904,10,2.5,"Jira Cloud,Jira Server",None,Devart,Track time spent on Jira issues with one mouse click,https://marketplace.atlassian.com/apps/1214821/tmetric-time-tracker-for-jira?hosting=cloud&tab=overview
1217523,Everhour - Time Tracking and Timesheets for Jira,0,0,510,32,3.0,,None,Everhour (Weavora),"Beautiful time tracking integration with powerful budgeting, reporting & invoicing features inside",https://marketplace.atlassian.com/apps/1217523/everhour-time-tracking-and-timesheets-for-jira?hosting=cloud&tab=overview
1218025,Velocity & Capacity Forecast Calculator,¬†1.00,USD¬†0.25 per user (average),39,7,4.0,Jira Cloud,None,Heckr,"Get team or assignee velocity from any JQL query. Also, new velocity metric based on past estimation accuracy. Better capacity",https://marketplace.atlassian.com/apps/1218025/velocity-capacity-forecast-calculator?hosting=cloud&tab=overview
1218188,UnView for Jira Server and Data Center,0,0,57,6,3.0,"Jira Server,Jira Data Center",None,Accxia,Manage work log visibility for Privacy or Compliance purposes required by Works Councils/Betriebsrat - Driven by GDPR/DSGVO,https://marketplace.atlassian.com/apps/1218188/unview-for-jira-server-and-data-center?hosting=server&tab=overview
1219573,Quantify TimeSpent Pro,¬†5.00,USD¬†1.50 per user (average),45,4,4.0,"Jira Cloud,Jira Server,Jira Data Center",None,Quantify Technologies Inc.,"Meet the lean time tracking approach, a better alternative to manual work logging. Timesheets without gaps, work without reminders",https://marketplace.atlassian.com/apps/1219573/quantify-timespent-pro?hosting=cloud&tab=overview
1218792,Project Budget for Jira,0,0,51,3,3.5,"Jira Server,Jira Data Center",None,CURVC Corp.,Project budget management with issue worklogs,https://marketplace.atlassian.com/apps/1218792/project-budget-for-jira?hosting=datacenter&tab=overview
1219351,Range Estimate for Jira,0,0,56,0,0.0,Jira Server,None,Rozdoum,Add optimistic and pessimistic estimates for Jira issues,https://marketplace.atlassian.com/apps/1219351/range-estimate-for-jira?hosting=server&tab=overview
1222428,Timescale - Time Tracking & Reports,¬†5.00,USD¬†0.90 per user (average),42,4,4.0,Jira Cloud,None,CentralPoint,Improve your productivity with time tracking with Timescale ‚Äì  time tracking and reporting solution for Jira cloud,https://marketplace.atlassian.com/apps/1222428/timescale-time-tracking-reports?hosting=cloud&tab=overview
1223655,Magic Estimations,0,0,529,8,3.5,Jira Cloud,None,Tech-5,Easy and intuitive Jira app for quick backlog estimation. A great alternative to planning poker game for any agile team,https://marketplace.atlassian.com/apps/1223655/magic-estimations?hosting=cloud&tab=overview
1221115,SLA Plugin for Jira,¬†5.00,USD¬†1.00 per user (average),36,8,4.0,Jira Cloud,None,Lemon dev,Manage your SLA for Jira-Issues,https://marketplace.atlassian.com/apps/1221115/sla-plugin-for-jira?hosting=cloud&tab=overview
1222203,Float - Resource Management,0,0,706,5,2.5,Jira Cloud,None,Float,Fast resource scheduling and capacity planning for your Jira projects,https://marketplace.atlassian.com/apps/1222203/float-resource-management?hosting=cloud&tab=overview
1221373,TimeWise-Timesheets with Plan and WorkLog for Jira,0,0,59,0,0.0,"Jira Server,Jira Data Center",None,DragonSoft,"An easy time planning, logging, tracking and analyzing app for Jira. It makes time management easier for your project and team",https://marketplace.atlassian.com/apps/1221373/timewise-timesheets-with-plan-and-worklog-for-jira?hosting=datacenter&tab=overview
1211584,Artezio Burndown Chart for Jira,0,0,513,7,3.0,Jira Server,None,Artezio,Create burndown/burnup charts in Jira with a simple yet powerful gadget,https://marketplace.atlassian.com/apps/1211584/artezio-burndown-chart-for-jira?hosting=server&tab=overview
1219223,Harvester Real-Time Tracking,¬†3.50,USD¬†0.35 per user (average),71,4,2.0,"Jira Cloud,Jira Server",None,Strategery Solutions BVBA,Track time in Harvest directly from Jira,https://marketplace.atlassian.com/apps/1219223/harvester-real-time-tracking?hosting=cloud&tab=overview
1220810,Crystal Gantt Pro - for JIRA,¬†5.00,USD¬†1.25 per user (average),56,0,0.0,Jira Cloud,None,RadiantQ,Gantt Visualization of your Tasks for better Task and Resource Management. Programs to combine Issues from multiple Projects,https://marketplace.atlassian.com/apps/1220810/crystal-gantt-pro-for-jira?hosting=cloud&tab=overview
1221873,Epic Timeline,¬†10.00,USD¬†1.00 per user (average),33,0,0.0,"Jira Cloud,Jira Server,Jira Data Center",None,Add-On Experts Center,Plan or track Epics in progress by visualizing them on a sprint calendar,https://marketplace.atlassian.com/apps/1221873/epic-timeline?hosting=cloud&tab=overview
1220185,Epic Time Tracking for Jira,0,0,34,3,4.0,"Jira Server,Jira Data Center",None,Yiraphic,Use epic estimates to get reliable time tracking across multiple issues,https://marketplace.atlassian.com/apps/1220185/epic-time-tracking-for-jira?hosting=datacenter&tab=overview
1218925,Toggl Synchronization for Jira,0,0,26,6,4.0,Jira Server,None,"MoroSystems, s.r.o.",Automatic synchronization of Toggl and Jira - check out our introductory pricing,https://marketplace.atlassian.com/apps/1218925/toggl-synchronization-for-jira?hosting=server&tab=overview
1217950,Project Status - Project Time Report,¬†1.00,USD¬†0.25 per user (average),23,8,4.0,Jira Cloud,None,Heckr,"High-level project reporting that displays totals for original estimate, time spent, & time remaining. Helps planning & management",https://marketplace.atlassian.com/apps/1217950/project-status-project-time-report?hosting=cloud&tab=overview
1211446,Artezio Kanban Board for Jira,0,0,312,13,3.0,Jira Server,None,Artezio,View and manage your project/subproject/filtered tasks as the Kanban Board,https://marketplace.atlassian.com/apps/1211446/artezio-kanban-board-for-jira?hosting=server&tab=overview
1217224,Countdown Gadget,0,0,342,5,3.5,"Jira Server,Jira Data Center",None,Akeles Consulting,Keep Calm. The countdown has begun,https://marketplace.atlassian.com/apps/1217224/countdown-gadget?hosting=datacenter&tab=overview
1217900,Status History PRO,0,0,39,3,3.5,Jira Server,None,Lime Trees,"Analyze the history of statuses and users changes in time, using reports and interactive table and timeline",https://marketplace.atlassian.com/apps/1217900/status-history-pro?hosting=server&tab=overview
1215612,Smart Multi Time Tracking for Jira,0,0,42,0,0.0,Jira Server,None,APTIS GmbH,"Record and track your work automatically, create all worklogs at the same time",https://marketplace.atlassian.com/apps/1215612/smart-multi-time-tracking-for-jira?hosting=server&tab=overview
1218473,PERT calculator,¬†2.00,USD¬†0.20 per user (average),30,3,4.0,Jira Cloud,None,Aneto Software,PMP¬Æ approved time tracking technique that is providing accuracy to your original estimates,https://marketplace.atlassian.com/apps/1218473/pert-calculator?hosting=cloud&tab=overview
1222012,Worklog express,0,0,27,3,4.0,Jira Server,None,END2END d.o.o.,Quickly create and categorize cross project worklogs with custom defined worklog types,https://marketplace.atlassian.com/apps/1222012/worklog-express?hosting=server&tab=overview
1224077,Aneto Earned Value Management EVM for Jira,¬†10.00,USD¬†3.00 per user (average),17,9,4.0,Jira Cloud,None,Aneto Software,Project management for professionals. Control your projects with EVM - Earned Value Management for project and retainer accounting,https://marketplace.atlassian.com/apps/1224077/aneto-earned-value-management-evm-for-jira?hosting=cloud&tab=overview
5071,WorkPlan Report,0,0,350,9,2.5,"Jira Server,Jira Data Center",None,"Prime Timesheet, s.r.o",Displays issues estimated work per user over time,https://marketplace.atlassian.com/apps/5071/workplan-report?hosting=datacenter&tab=overview
1219229,TimeCamp Time Tracking,0,0,217,14,3.5,Jira Cloud,None,TimeCamp Inc.,Use a 100% free Jira time tracking integration,https://marketplace.atlassian.com/apps/1219229/timecamp-time-tracking?hosting=cloud&tab=overview
1211179,RESTful Worklog Query,0,0,300,4,3.5,Jira Server,None,Everit Kft.,Retrieve time tracking data in JSON format via an authenticated RESTful service,https://marketplace.atlassian.com/apps/1211179/restful-worklog-query?hosting=server&tab=overview
1214431,Worklytics Data Connector,0,0,242,3,4.0,,None,"Worklytics, Co",Real-time Analytics on Work and Collaboration Across all your Tools,https://marketplace.atlassian.com/apps/1214431/worklytics-data-connector?hosting=cloud&tab=overview
1222580,e Matrix,¬†0.70,USD¬†0.35 per user (average),43,0,0.0,"Jira Cloud,Jira Server,Jira Data Center",None,Doitbetter,"Time management, project planning, priority management, personal effectiveness",https://marketplace.atlassian.com/apps/1222580/e-matrix?hosting=cloud&tab=overview
1214375,Time Tracking Stats for Jira,0,0,25,6,3.5,Jira Server,None,excentia,The fastest and easiest way to get time tracking stats for project and team management,https://marketplace.atlassian.com/apps/1214375/time-tracking-stats-for-jira?hosting=server&tab=overview
1219071,Release Manager - Deployment Planning,¬†1.00,USD¬†0.25 per user (average),20,7,3.5,Jira Cloud,None,Heckr,"Forecast, plan, and monitor your releases, deployments, & projects with Release Manager and our Calculated Release Date gadget",https://marketplace.atlassian.com/apps/1219071/release-manager-deployment-planning?hosting=cloud&tab=overview
1212244,Usage Statistics for Jira,0,0,251,3,3.5,Jira Cloud,None,Communardo Labs,See your popular issues at a glance,https://marketplace.atlassian.com/apps/1212244/usage-statistics-for-jira?hosting=cloud&tab=overview
1222369,Timely,0,0,247,7,3.0,Jira Cloud,None,Memory,Timely - Time tracking and planning,https://marketplace.atlassian.com/apps/1222369/timely?hosting=cloud&tab=overview
1218653,Workfront for Jira,0,0,303,8,2.5,"Jira Cloud,Jira Server",None,Workfront Inc.,Drive Work Forward,https://marketplace.atlassian.com/apps/1218653/workfront-for-jira?hosting=cloud&tab=overview
1216686,Hide Time Tracking for Jira Cloud,0,0,313,12,2.0,Jira Cloud,None,Gebsun,Hide time tracking information from external users,https://marketplace.atlassian.com/apps/1216686/hide-time-tracking-for-jira-cloud?hosting=cloud&tab=overview
1218905,SLA Alerts Pro for Jira,0,0,21,3,4.0,"Jira Server,Jira Data Center",None,Yiraphic,Configure SLA Alerts for breaching and breached SLA's and manage which breaches you want to receive notifications for,https://marketplace.atlassian.com/apps/1218905/sla-alerts-pro-for-jira?hosting=datacenter&tab=overview
1214176,Days Elapsed Plugin,0,0,31,3,2.5,Jira Server,None,Akeles Consulting,SLA tracking using Traffic Light and Number of working days elapsed,https://marketplace.atlassian.com/apps/1214176/days-elapsed-plugin?hosting=server&tab=overview
1217418,Weekly Activity Gadget,0,0,25,0,0.0,Jira Server,None,MESILAT LIMITED,Use this gadget to monitor your weekly workload,https://marketplace.atlassian.com/apps/1217418/weekly-activity-gadget?hosting=server&tab=overview
1217982,Estimate Accuracy Gadget for Jira Cloud,¬†1.00,USD¬†0.25 per user (average),13,6,4.0,Jira Cloud,None,Heckr,Stylish estimate accuracy gadget for displaying how accurate your estimates were versus actual time spent,https://marketplace.atlassian.com/apps/1217982/estimate-accuracy-gadget-for-jira-cloud?hosting=cloud&tab=overview
1221009,EasyTime Automatic Time Tracking for Jira,¬†10.00,USD¬†2.00 per user (average),56,0,0.0,"Jira Cloud,Jira Server,Jira Data Center",None,TechTime Initiative Group Limited,"Be lazy and focus on your sprint, we've got your timesheets covered. The only Real Time tracking tool that does it automatically",https://marketplace.atlassian.com/apps/1221009/easytime-automatic-time-tracking-for-jira?hosting=cloud&tab=overview
1225521,Timesheet Check for Jira,¬†5.00,USD¬†0.55 per user (average),16,0,0.0,Jira Cloud,None,Decadis AG,Make your Tempo time management comply with legal requirements & laws - from daily rest periods to maximum average working hours,https://marketplace.atlassian.com/apps/1225521/timesheet-check-for-jira?hosting=cloud&tab=overview
1223996,GitLive for Jira,0,0,158,0,0.0,Jira Cloud,None,GitLive,Extend Jira with real‚Äëtime collaborative superpowers,https://marketplace.atlassian.com/apps/1223996/gitlive-for-jira?hosting=cloud&tab=overview
1224594,USeP - User Story Effort Predictor,¬†10.00,USD¬†2.00 per user (average),19,0,0.0,Jira Cloud,None,Amrut Software Pvt Ltd,Guess work seldom works! Game ahead with USeP estimates,https://marketplace.atlassian.com/apps/1224594/usep-user-story-effort-predictor?hosting=cloud&tab=overview
1210801,QLogger,0,0,130,5,3.0,Jira Server,None,OBSS,"Add, delete and update monthly worklogs",https://marketplace.atlassian.com/apps/1210801/qlogger?hosting=server&tab=overview
1220314,Time Tracker for Jira,0,0,46,0,0.0,"Jira Server,Jira Data Center",None,Alpha Serve,Track time on projects and tasks with your team. Turn it to smart reports that keep your clients or managers in the loop,https://marketplace.atlassian.com/apps/1220314/time-tracker-for-jira?hosting=datacenter&tab=overview
1220838,SLA,0,0,93,5,4.0,Jira Server,None,Atlas team,"SLA for Jira, Timers for Jira, Time in status for Jira",https://marketplace.atlassian.com/apps/1220838/sla?hosting=server&tab=overview
1222689,JQL Sum Up,¬†1.00,USD¬†0.20 per user (average),41,0,0.0,Jira Cloud,None,Rhys Diab,Sum up estimates or any numerical field in any JQL query quickly and easily using your favorite filters. No config required,https://marketplace.atlassian.com/apps/1222689/jql-sum-up?hosting=cloud&tab=overview
1214040,Time Tracking Enforcer for Jira,¬†10.00,USD¬†4.00 per user (average),14,4,3.5,"Jira Cloud,Jira Server",None,"Calvinware, LLC",Let Us Be the Bad Guy,https://marketplace.atlassian.com/apps/1214040/time-tracking-enforcer-for-jira?hosting=cloud&tab=overview
1225562,Agilefox Standups for Jira,¬†5.00,USD¬†0.50 per user (average),15,0,0.0,Jira Cloud,None,AgileFox GmbH,"‚ö° Automate your standups, üí° get  smart insights & üìó always have a record to go back to",https://marketplace.atlassian.com/apps/1225562/agilefox-standups-for-jira?hosting=cloud&tab=overview
1218407,Roadmap planner,¬†5.00,USD¬†2.50 per user (average),18,3,2.5,"Jira Cloud,Jira Server",None,Vertica Digital,Addon to automate roadmap planning reporting,https://marketplace.atlassian.com/apps/1218407/roadmap-planner?hosting=cloud&tab=overview
1222519,Time Reports for Remote Jira,0,0,125,3,2.5,"Jira Cloud,Jira Server,Jira Data Center",None,Rozdoum,"Generate work log reports, aggregated from multiple Jira instances",https://marketplace.atlassian.com/apps/1222519/time-reports-for-remote-jira?hosting=cloud&tab=overview
1215091,Project Insight for Jira,0,0,116,0,0.0,Jira Cloud,None,Project Insight,Instantly connect your developers' work in Jira and your project managers' plans in Project Insight,https://marketplace.atlassian.com/apps/1215091/project-insight-for-jira?hosting=cloud&tab=overview
1217529,Customer Requests Workload Report,0,0,68,7,3.5,Jira Server,None,Nemetschek Bulgaria,FAST and EASY way to inform customers for the time spent on their requests via the Jira Service Desk user portal,https://marketplace.atlassian.com/apps/1217529/customer-requests-workload-report?hosting=server&tab=overview
1222375,Domat Pomodoro for Jira,0,0,96,8,2.5,Jira Cloud,None,Kod Gemisi,Boost your productivity with Pomodoro Technique,https://marketplace.atlassian.com/apps/1222375/domat-pomodoro-for-jira?hosting=cloud&tab=overview
1222765,Visual Sprint Planning,¬†10.00,USD¬†1.10 per user (average),15,0,0.0,Jira Cloud,None,Timone,Simplify cross-project sprint planning with a holistic view of people's commitments and NO configuration required,https://marketplace.atlassian.com/apps/1222765/visual-sprint-planning?hosting=cloud&tab=overview
1211496,Worklog Sync,0,0,7,7,4.0,Jira Server,None,OBSS,Copy or Move worklogs entered by users from one issue to another linked issue,https://marketplace.atlassian.com/apps/1211496/worklog-sync?hosting=server&tab=overview
1218232,Worklog History,0,0,89,0,0.0,Jira Server,None,Lime Trees,View the time logged by users in the worklog using a convenient timetable directly on the issue,https://marketplace.atlassian.com/apps/1218232/worklog-history?hosting=server&tab=overview
1219453,Time Tracking and Logging from Dashboard,0,0,12,0,0.0,"Jira Server,Jira Data Center",None,MCasmadin,Manage your Timesheet directly from your Dashboard! Powerful timesheet visualisation and edition from user's dashboard,https://marketplace.atlassian.com/apps/1219453/time-tracking-and-logging-from-dashboard?hosting=datacenter&tab=overview
1219211,Release Board Hub,¬†5.00,USD¬†0.50 per user (average),30,0,0.0,"Jira Cloud,Jira Server",None,Greenyloop,Release management planning and Time Tracking of Team members,https://marketplace.atlassian.com/apps/1219211/release-board-hub?hosting=cloud&tab=overview
1217981,TimeChimp Time Tracking,0,0,77,5,3.0,Jira Cloud,None,TimeChimp,Track time directly from your Jira Issues,https://marketplace.atlassian.com/apps/1217981/timechimp-time-tracking?hosting=cloud&tab=overview
1219535,Worklog History PRO,0,0,12,0,0.0,Jira Server,None,Lime Trees,View the time logged by users in the JIRA worklog using convenient table,https://marketplace.atlassian.com/apps/1219535/worklog-history-pro?hosting=server&tab=overview
1222053,Productive Financial Planning for Jira,0,0,95,0,0.0,Jira Cloud,None,Productive,A simple and efficient way to integrate time tracking on projects in Jira with the rest of your agency business,https://marketplace.atlassian.com/apps/1222053/productive-financial-planning-for-jira?hosting=cloud&tab=overview
1221345,A4J - Absence for Jira,0,0,11,0,0.0,Jira Server,None,ease solutions Pte Ltd,User Absence Management,https://marketplace.atlassian.com/apps/1221345/a4j-absence-for-jira?hosting=server&tab=overview
1222517,Time in Status Lite,¬†2.50,USD¬†0.55 per user (average),28,0,0.0,Jira Cloud,None,SaaSJet,Track time of how long issues stayed in the specific status,https://marketplace.atlassian.com/apps/1222517/time-in-status-lite?hosting=cloud&tab=overview
1223358,Time And History,¬†3.50,USD¬†0.35 per user (average),9,0,0.0,"Jira Cloud,Jira Server",None,SolaceIn,"Allows to monitor the time between changes in the fields of the issue: Status, Assignee, Priority, e.t., and also custom fields",https://marketplace.atlassian.com/apps/1223358/time-and-history?hosting=cloud&tab=overview
1217290,WorkLog Blocker,0,0,9,0,0.0,Jira Server,None,"uniCORE, s.r.o.","Restrict your work logs. Prevent log work in the past, non-estimated tasks or without work description",https://marketplace.atlassian.com/apps/1217290/worklog-blocker?hosting=server&tab=overview
1220160,Issue analyzer for Jira,¬†5.00,USD¬†0.50 per user (average),27,0,0.0,Jira Cloud,None,55 Degrees AB,"Understanding how issues move through workflows, their time in status, where they get stuck, and how long they sit idle",https://marketplace.atlassian.com/apps/1220160/issue-analyzer-for-jira?hosting=cloud&tab=overview
1217046,Spectrum Timesheets,0,0,11,0,0.0,Jira Server,None,SPECTRUM GROUPE,Easy and functional time tracking tool using Jira native worklog features,https://marketplace.atlassian.com/apps/1217046/spectrum-timesheets?hosting=server&tab=overview
1223653,Onit - Standups for Jira and Slack,¬†7.50,USD¬†0.75 per user (average),10,0,0.0,Jira Cloud,None,Onit,Daily stand-ups based on Jira issues and integrated with Slack - ideal for remote teams with advanced reporting,https://marketplace.atlassian.com/apps/1223653/onit-standups-for-jira-and-slack?hosting=cloud&tab=overview
1224723,Absence Tracker,¬†1.00,USD¬†0.25 per user (average),8,0,0.0,Jira Cloud,None,Transition Technologies PSC,Absence Tracker let you know when users assigned to issue have ongoing or upcoming absences,https://marketplace.atlassian.com/apps/1224723/absence-tracker?hosting=cloud&tab=overview
1212948,Agile Clock for Jira,0,0,52,9,3.0,Jira Server,None,CHROBRUS,Jira Agile Clock - Simple time measurement for agile meetings,https://marketplace.atlassian.com/apps/1212948/agile-clock-for-jira?hosting=server&tab=overview
1224181,Cost Monitoring for Jira,0,0,83,4,1.5,Jira Cloud,None,TouchDown,Simple cost monitoring of your JIRA projects,https://marketplace.atlassian.com/apps/1224181/cost-monitoring-for-jira?hosting=cloud&tab=overview
1210938,Fastbucks: Automated Invoicing for Jira,0,0,10,0,0.0,Jira Server,None,Izymes Pty Ltd,Painless and automated billing to online accounting systems from Jira Projects,https://marketplace.atlassian.com/apps/1210938/fastbucks-automated-invoicing-for-jira?hosting=server&tab=overview
1215475,Alkaes - Minyaa Time,0,0,23,0,0.0,Jira Server,None,Alkaes Consulting,Extends Jira with Time tracking feature and powerful reports,https://marketplace.atlassian.com/apps/1215475/alkaes-minyaa-time?hosting=server&tab=overview
1219694,SIL Tempo Connector,0,0,59,0,0.0,"Jira Server,Jira Data Center",None,Anova Apps (an Appfire company),"Create scripts to integrate and sync data between Jira and Tempo for better collaboration, team organization and work automation",https://marketplace.atlassian.com/apps/1219694/sil-tempo-connector?hosting=datacenter&tab=overview
1222748,Time To Invoice - Worklog reports,0,0,58,0,0.0,Jira Cloud,None,Get-Up,The easiest way to receive a workload report of your team members,https://marketplace.atlassian.com/apps/1222748/time-to-invoice-worklog-reports?hosting=cloud&tab=overview
1221698,Manday.io Time tracking - Budget monitoring & Reporting,0,0,40,3,4.0,Jira Cloud,None,Sense4code s.r.o.,Easy project budget monitoring Quick & effective across various systems,https://marketplace.atlassian.com/apps/1221698/manday-io-time-tracking-budget-monitoring-reporting?hosting=cloud&tab=overview
1210817,Timesheet and Gantt Chart for Jira,0,0,10,3,2.5,Jira Server,None,i4ware Software,Work hour reports Editable Grid for work hours and Gantt Chart,https://marketplace.atlassian.com/apps/1210817/timesheet-and-gantt-chart-for-jira?hosting=server&tab=overview
1219563,MOCO Time Tracking for Jira,0,0,8,0,0.0,Jira Server,None,Scolution GmbH & Co. KG,"Record, track and organize your working hours in Jira and transfer them automatically to MOCO",https://marketplace.atlassian.com/apps/1219563/moco-time-tracking-for-jira?hosting=server&tab=overview
1219157,CoffeeCup App,0,0,53,4,2.5,"Jira Cloud,Jira Server",None,CoffeeCup GmbH,"We supercharge your Jira with budget controlling, billing and team planning",https://marketplace.atlassian.com/apps/1219157/coffeecup-app?hosting=cloud&tab=overview
773842,FreshBooks Connector for Jira,0,0,4,10,3.5,Jira Server,None,Rozdoum,Connect your Jira with FreshBooks and prevent double time reporting for the same issues,https://marketplace.atlassian.com/apps/773842/freshbooks-connector-for-jira?hosting=server&tab=overview
1219274,User KPI for Jira,0,0,18,0,0.0,Jira Server,None,ADWEB Software,"Measure individual, team or project performance. Improve KPI's by continuous feedback and reviews",https://marketplace.atlassian.com/apps/1219274/user-kpi-for-jira?hosting=server&tab=overview
1218307,Progress Highlighting for Jira,0,0,7,0,0.0,Jira Server,None,ADWEB Software,The ultimate user progress gadget based on estimations,https://marketplace.atlassian.com/apps/1218307/progress-highlighting-for-jira?hosting=server&tab=overview
1224541,Shifto : Shift Roster,¬†5.00,USD¬†0.50 per user (average),17,0,0.0,Jira Cloud,None,Ravenshift,Manage global/remote team availability with a Jira integrated Shift Roster. Compatible with users in different timezones,https://marketplace.atlassian.com/apps/1224541/shifto-shift-roster?hosting=cloud&tab=overview
1214569,Blue Ant plugin for work-time,0,0,28,4,4.0,Jira Server,None,proventis GmbH,"Plugin to create/update Blue Ant activities or ToDos from Jira, work-time recording, % complete and remaining hours in Blue Ant",https://marketplace.atlassian.com/apps/1214569/blue-ant-plugin-for-work-time?hosting=server&tab=overview
1220714,Quidlo Timesheets for Jira,0,0,35,0,0.0,Jira Cloud,None,Quidlo,Track time in Quidlo Timesheets straight from your issues in Jira. Sync your records across all your devices,https://marketplace.atlassian.com/apps/1220714/quidlo-timesheets-for-jira?hosting=cloud&tab=overview
1219800,Pulse.Timesheet Plus with Time Tracking,¬†4.00,USD¬†1.00 per user (average),17,0,0.0,Jira Cloud,None,PulseKit,Time Tracking & Timesheet Reporting tool with issue timer and dashboard gadget for your worklogs,https://marketplace.atlassian.com/apps/1219800/pulse-timesheet-plus-with-time-tracking?hosting=cloud&tab=overview
1220580,WorkDay Control for Jira,0,0,23,7,4.0,Jira Server,None,excentia,"This component allows to record the working day start and end time, mandatory on some countries like Spain",https://marketplace.atlassian.com/apps/1220580/workday-control-for-jira?hosting=server&tab=overview
1223438,BambooHR Integration for Jira,0,0,6,0,0.0,"Jira Server,Jira Data Center",None,New Verve Consulting,See absence management in context,https://marketplace.atlassian.com/apps/1223438/bamboohr-integration-for-jira?hosting=datacenter&tab=overview
1212984,Dovico Time Tracking for Jira,0,0,47,4,2.0,Jira Cloud,None,Dovico Software Inc.,Work more efficiently by entering time within Jira for Dovico Timesheet,https://marketplace.atlassian.com/apps/1212984/dovico-time-tracking-for-jira?hosting=cloud&tab=overview
1221637,RDTI Tracka,0,0,29,0,0.0,Jira Cloud,None,Global RnD Tracka Pty Ltd,Tracka makes it easy for your Dev team to track and record their R&D Tax Incentive Activities,https://marketplace.atlassian.com/apps/1221637/rdti-tracka?hosting=cloud&tab=overview
1222817,Quantum::Estimation - Estimates for JIRA,0,0,4,3,4.0,"Jira Server,Jira Data Center",None,Datarocks,Get richer insights into estimations. Follow scientific best practices to improve accuracy. Easy estimation for distributed teams,https://marketplace.atlassian.com/apps/1222817/quantum-estimation-estimates-for-jira?hosting=datacenter&tab=overview
1220422,JC360 for Jira,0,0,48,0,0.0,Jira Cloud,None,JobCTRL Inc.,"Track and analyze time spent with Jira issues. Automatic task switching, real-time monitoring and powerful productivity reports",https://marketplace.atlassian.com/apps/1220422/jc360-for-jira?hosting=cloud&tab=overview
1217657,TeamLog: Time Tracking & Reporting Tool,0,0,4,3,4.0,Jira Server,None,RMCSoft,This intuitive Jira plugin is an all-in-one dashboard with daily work logs & performance reports for project managers & team leads,https://marketplace.atlassian.com/apps/1217657/teamlog-time-tracking-reporting-tool?hosting=server&tab=overview
1218424,Gears worklog-restricted for Jira,0,0,15,0,0.0,Jira Server,None,hktx.cn (Ê±áÁßëÂ§©‰∏ã),"On which issuetype can be worklog, restrict duration on one day and so on",https://marketplace.atlassian.com/apps/1218424/gears-worklog-restricted-for-jira?hosting=server&tab=overview
1223865,Simple Time Tracker Report for Jira,0,0,81,0,0.0,Jira Cloud,None,simplereport.technology,This app will save you time by calculating the time your team spends in sprint and delivering a report to an email address,https://marketplace.atlassian.com/apps/1223865/simple-time-tracker-report-for-jira?hosting=cloud&tab=overview
1224957,Time Spent,0,0,13,0,0.0,"Jira Server,Jira Data Center",None,Globo Solutions,Reports on spent vs. logged time in issue,https://marketplace.atlassian.com/apps/1224957/time-spent?hosting=datacenter&tab=overview
1214141,SIL Excel Reporting,0,0,14,0,0.0,Jira Server,None,Anova Apps (an Appfire company),Painless programmable and ready to use Excel reporting. Use SIL¬Æ scripts to export anything you wish to Excel,https://marketplace.atlassian.com/apps/1214141/sil-excel-reporting?hosting=server&tab=overview
1224630,Timesheets for Jira,0,0,36,0,0.0,Jira Cloud,None,ALDEVA DIGITAL s.r.o.,Very simple time tracking tool for tracking time directly in Jira,https://marketplace.atlassian.com/apps/1224630/timesheets-for-jira?hosting=cloud&tab=overview
1224316,Team Trax: Team Calendar for Jira,0,0,4,0,0.0,Jira Server,None,Ixenit Kft.,Manage home office and vacations of your teams easily,https://marketplace.atlassian.com/apps/1224316/team-trax-team-calendar-for-jira?hosting=server&tab=overview
1224526,SRED.io - SR&ED on Autopilot!,0,0,19,4,4.0,Jira Cloud,None,Sredio,Sredio Reporting - The Easy and Automated Way to Track your Team‚Äôs SR&ED Work,https://marketplace.atlassian.com/apps/1224526/sred-io-sr-ed-on-autopilot?hosting=cloud&tab=overview
1223000,Easy Timesheets (Time Tracking) and Reports for Jira,¬†5.00,USD¬†0.50 per user (average),5,0,0.0,Jira Cloud,None,Mirhai Inc.,"Easy time tracking, scheduling and reporting",https://marketplace.atlassian.com/apps/1223000/easy-timesheets-time-tracking-and-reports-for-jira?hosting=cloud&tab=overview
1222554,Work Log Indicator,0,0,18,4,4.0,Jira Server,None,Kod Gemisi,Shows you how much worklog you entered today in Jira's top bar,https://marketplace.atlassian.com/apps/1222554/work-log-indicator?hosting=server&tab=overview
1220603,Bulk Planning,0,0,12,0,0.0,Jira Server,None,Globo Solutions,Automatically plan team's work and get optimal deadlines,https://marketplace.atlassian.com/apps/1220603/bulk-planning?hosting=server&tab=overview
1221818,Autonomous Time Keeping for Jira Cloud,0,0,35,0,0.0,Jira Cloud,None,WiseTime,Automatic time tracking. Builds your timesheet without interrupting flow. Get effortlessly detailed reports & retain your privacy,https://marketplace.atlassian.com/apps/1221818/autonomous-time-keeping-for-jira-cloud?hosting=cloud&tab=overview
1225496,Smart Guess for Planning Poker for Jira Cloud,¬†5.00,USD¬†0.80 per user (average),10,0,0.0,Jira Cloud,None,Envision,ü§î Skip 20+ steps from your story point estimation compared to other tools. Read on to learn more,https://marketplace.atlassian.com/apps/1225496/smart-guess-for-planning-poker-for-jira-cloud?hosting=cloud&tab=overview
1225236,Project Flow,¬†5.00,USD¬†1.00 per user (average),3,0,0.0,Jira Cloud,None,Aicou,Manage Project Activities,https://marketplace.atlassian.com/apps/1225236/project-flow?hosting=cloud&tab=overview
1226160,Autoplan,¬†6.00,USD¬†0.80 per user (average),3,0,0.0,Jira Cloud,None,Sprint Engine,"Automatically plan your sprints, optimized to your resources and priorities",https://marketplace.atlassian.com/apps/1226160/autoplan?hosting=cloud&tab=overview
1225694,WiseLog ‚Äì Turn calendar events to Jira logs,0,0,20,0,0.0,Jira Cloud,None,Cognitive Creators,The time tracking tool that converts your Google Calendar events to Jira logs quickly and easily,https://marketplace.atlassian.com/apps/1225694/wiselog-turn-calendar-events-to-jira-logs?hosting=cloud&tab=overview
1221219,Spectrum TimeReports,0,0,8,0,0.0,Jira Server,None,SPECTRUM GROUPE,"Insights from your team Work logs based on time reports with comprehensive charts by Projects, Issues, Users, Teams or JQL",https://marketplace.atlassian.com/apps/1221219/spectrum-timereports?hosting=server&tab=overview
1220327,Kamba your Agile Standup Board,¬†10.00,USD¬†1.50 per user (average),7,0,0.0,Jira Cloud,None,THALES,Digital meeting board for your agile stand-ups,https://marketplace.atlassian.com/apps/1220327/kamba-your-agile-standup-board?hosting=cloud&tab=overview
1220525,Work Log Visibility Plugin,¬†1.00,USD¬†0.50 per user (average),7,0,0.0,Jira Cloud,None,Novalab Teknoloji,View distribution of work logs amongst issues and team members at a glance,https://marketplace.atlassian.com/apps/1220525/work-log-visibility-plugin?hosting=cloud&tab=overview
1212734,Abacolla Issue Drill Down Report and export to PDF and Excel,¬†3.00,USD¬†3.00 per user (average),7,0,0.0,Jira Cloud,None,SuperAktiv AS,Identify problems in your projects and sprints,https://marketplace.atlassian.com/apps/1212734/abacolla-issue-drill-down-report-and-export-to-pdf-and-excel?hosting=cloud&tab=overview
1225684,Timer field | SLA for Jira Cloud,¬†3.00,USD¬†0.35 per user (average),6,0,0.0,Jira Cloud,None,JiBrok,Set a goal and use the remaining time. The timer will start counting down when the specified issue events are triggered,https://marketplace.atlassian.com/apps/1225684/timer-field-sla-for-jira-cloud?hosting=cloud&tab=overview
1225685,Stopwatch field for Jira Cloud,¬†3.00,USD¬†0.35 per user (average),6,0,0.0,Jira Cloud,None,JiBrok,Measure the time between issue events. The stopwatch can be used in JQL queries and reports,https://marketplace.atlassian.com/apps/1225685/stopwatch-field-for-jira-cloud?hosting=cloud&tab=overview
1226143,Time between dates for Jira Cloud,¬†3.00,USD¬†0.35 per user (average),5,0,0.0,Jira Cloud,None,JiBrok,"Set the start and end dates. The app will calculate the time between them, how much time has passed and how much is still left",https://marketplace.atlassian.com/apps/1226143/time-between-dates-for-jira-cloud?hosting=cloud&tab=overview
1218677,Calamari Connector for Jira,0,0,26,0,0.0,Jira Server,None,CHROBRUS,"HR, leave & absence management for your Team",https://marketplace.atlassian.com/apps/1218677/calamari-connector-for-jira?hosting=server&tab=overview
1224367,HawkTimeNudge - Time Tracking Reminders,¬†1.00,USD¬†0.10 per user (average),5,0,0.0,Jira Cloud,None,Harness Ltd,Make time logging a daily habit,https://marketplace.atlassian.com/apps/1224367/hawktimenudge-time-tracking-reminders?hosting=cloud&tab=overview
1225367,eZee Timesheets,¬†7.00,USD¬†0.70 per user (average),4,0,0.0,Jira Cloud,None,Eyzee,Reporting and approving time spent on tasks and projects has never been so easy,https://marketplace.atlassian.com/apps/1225367/ezee-timesheets?hosting=cloud&tab=overview
1223163,Sprints Instant Scheduling,¬†5.00,USD¬†0.50 per user (average),4,0,0.0,"Jira Cloud,Jira Server",None,Add-On Experts Center,Automatically¬†add your issues to future sprints according to the team velocity and sprint future Velocity in one click,https://marketplace.atlassian.com/apps/1223163/sprints-instant-scheduling?hosting=cloud&tab=overview
1224427,Moku - Time tracking and invoicing,0,0,9,0,0.0,Jira Cloud,None,Moku,Streamline your team's processes with time tracking and automated invoicing,https://marketplace.atlassian.com/apps/1224427/moku-time-tracking-and-invoicing?hosting=cloud&tab=overview
1221085,Absence Tracking for Jira,0,0,4,0,0.0,Jira Server,None,Rozdoum,Optimize time tracking processes by automatically logging hours for employee's absence,https://marketplace.atlassian.com/apps/1221085/absence-tracking-for-jira?hosting=server&tab=overview
1223067,Estimator for Jira Estimation & Planning,0,0,1,0,0.0,"Jira Server,Jira Data Center",None,DSPlugins,Estimate more accurately in a time efficient manner. Estimator - all that's needed for accurate estimates and efficient planning,https://marketplace.atlassian.com/apps/1223067/estimator-for-jira-estimation-planning?hosting=server&tab=overview
1225910,Google Calendar+ Embed for Jira,¬†1.00,USD¬†0.20 per user (average),3,0,0.0,Jira Cloud,None,Apps+,Sync and embed Google Calendar alongside notes or images in one beautiful issue tab panel,https://marketplace.atlassian.com/apps/1225910/google-calendar-embed-for-jira?hosting=cloud&tab=overview
1225960,Outlook Calendar+ Embed for Jira,¬†1.00,USD¬†0.20 per user (average),3,0,0.0,Jira Cloud,None,Apps+,Sync and embed Outlook Calendar alongside notes or images in one beautiful issue tab panel,https://marketplace.atlassian.com/apps/1225960/outlook-calendar-embed-for-jira?hosting=cloud&tab=overview
1223446,Timesheet for Jira,¬†8.00,USD¬†1.00 per user (average),3,0,0.0,"Jira Cloud,Jira Server",None,i4ware Software,Timesheet and work-log reports,https://marketplace.atlassian.com/apps/1223446/timesheet-for-jira?hosting=cloud&tab=overview
1224648,Toggl Sync for Jira,0,0,5,0,0.0,Jira Server,None,BitWeb,Toggl integration plugin to easily track your time through Jira,https://marketplace.atlassian.com/apps/1224648/toggl-sync-for-jira?hosting=server&tab=overview
1223027,Hours to Man Days for Tempo,0,0,3,0,0.0,Jira Server,None,Mind-Mercatis,Convert worklogs and reports between Hours and Man Days M/D in Tempo timesheets and Tempo budget,https://marketplace.atlassian.com/apps/1223027/hours-to-man-days-for-tempo?hosting=server&tab=overview
1225799,Projectworks Time Tracking,0,0,7,0,0.0,Jira Cloud,None,Projectworks,Intelligent business management software for your entire company,https://marketplace.atlassian.com/apps/1225799/projectworks-time-tracking?hosting=cloud&tab=overview
1220004,Phases for Jira,0,0,1,0,0.0,Jira Server,None,Sellegi,"Load & capacity planning for teams or individuals: Epic phases or stories on a timeline, with planned vs actual start & end dates",https://marketplace.atlassian.com/apps/1220004/phases-for-jira?hosting=server&tab=overview
1225059,AppTime - Timesheets Made Easy,0,0,10,0,0.0,Jira Server,None,CoreSoft Labs,Free time-tracking solution for Jira. Display your team's worklogs clearly summarized in a convenient grid view,https://marketplace.atlassian.com/apps/1225059/apptime-timesheets-made-easy?hosting=server&tab=overview
1223792,KRONOS Timesheets ‚Äì Worklogs and reports,0,0,2,0,0.0,"Jira Server,Jira Data Center",None,MORESIMP,"Log work, manage worklogs and create meaningful team or individual reports manually or automatically",https://marketplace.atlassian.com/apps/1223792/kronos-timesheets-worklogs-and-reports?hosting=datacenter&tab=overview
1222013,Boomslang,¬†1.00,USD¬†0.50 per user (average),2,0,0.0,Jira Cloud,None,Montrose Software,Tempo Notification Worklog Reminders,https://marketplace.atlassian.com/apps/1222013/boomslang?hosting=cloud&tab=overview
1221144,Taskpro - Time Tracking,¬†25.00,USD¬†2.50 per user (average),2,0,0.0,Jira Cloud,None,Sioux,Get an accurate look at you past workweeks and track your time easily,https://marketplace.atlassian.com/apps/1221144/taskpro-time-tracking?hosting=cloud&tab=overview
1219603,Estimate: Project Analysis Tool,0,0,2,0,0.0,Jira Server,None,RMCSoft,Speed up and formalize you Project and Time Management,https://marketplace.atlassian.com/apps/1219603/estimate-project-analysis-tool?hosting=server&tab=overview
1223853,SLA Budget for Jira Service Management,0,0,7,0,0.0,Jira Server,None,CoreIT s.r.o.,Easy budgeting and reporting based on your own service agreements by request types and custom periods,https://marketplace.atlassian.com/apps/1223853/sla-budget-for-jira-service-management?hosting=server&tab=overview
1210888,Activity Timeline (Legacy Edition),0,0,11507,70,4.0,"Jira Cloud,Jira Server",None,Reliex,New version: ‚†Ä‚†Ä  https://bitly.com/atl_app,https://marketplace.atlassian.com/apps/1210888/activity-timeline-legacy-edition?hosting=server&tab=overview
1225850,Calendso+ for Jira,¬†3.00,USD¬†0.50 per user (average),1,0,0.0,Jira Cloud,None,Apps+,Sync and embed Calendso alongside notes or images in one beautiful issue tab panel,https://marketplace.atlassian.com/apps/1225850/calendso-for-jira?hosting=cloud&tab=overview
1225876,Eventbrite+ for Jira,¬†3.00,USD¬†0.50 per user (average),1,0,0.0,Jira Cloud,None,Apps+,Sync and embed Eventbrite alongside notes or images in one beautiful issue tab panel,https://marketplace.atlassian.com/apps/1225876/eventbrite-for-jira?hosting=cloud&tab=overview
1225080,eZee Worklog Plus,0,0,5,0,0.0,Jira Server,None,Eyzee,"Most complete worklog entry manager ! Use stopwatch / timer, enter time spent or time series and manage it all on 1 gadget",https://marketplace.atlassian.com/apps/1225080/ezee-worklog-plus?hosting=server&tab=overview
1225338,Ideal Worklogs for JIRA,¬†14.00,USD¬†1.40 per user (average),1,0,0.0,Jira Cloud,None,Ideal Federal Technologies LLC,Ideal Worklog Management and Reporting,https://marketplace.atlassian.com/apps/1225338/ideal-worklogs-for-jira?hosting=cloud&tab=overview
1219898,Flexi Resources Management,0,0,1,0,0.0,Jira Server,None,FSOFT - FPT Software,"RM supports Leader of Project, Department or authorized people can manage the using of resources in projects",https://marketplace.atlassian.com/apps/1219898/flexi-resources-management?hosting=server&tab=overview
6284,Worklog Assistant (time tracking),0,0,9057,24,3.5,"Jira Cloud,Jira Server",None,Fizz Buzz Inc.,Hassle-free time tracking for Jira - Because timesheets suck,https://marketplace.atlassian.com/apps/6284/worklog-assistant-time-tracking?hosting=server&tab=overview
1218803,Replicon Time Tracking for Jira,0,0,0,9,4.0,Jira Cloud,None,Replicon Inc,#1 Project Time Tracking Solution for Jira. Trusted by thousands of companies across 70+ countries for their time tracking needs,https://marketplace.atlassian.com/apps/1218803/replicon-time-tracking-for-jira?hosting=cloud&tab=overview
1223171,it.JCATS - SAP Worklogs with Jira,0,0,3,0,0.0,Jira Server,None,acocon GmbH - business division greenique,Reliable and easy: Log your time in Jira and SAP simultaneously without having to switch platforms,https://marketplace.atlassian.com/apps/1223171/it-jcats-sap-worklogs-with-jira?hosting=server&tab=overview
1221570,JAssistant,0,0,0,5,4.0,"Jira Cloud,Jira Server",None,Shridhar TL,"Add worklog via calendar, import issues, export Timesheet, Sprint, Estimate and custom reports / chart via Report Builder for free",https://marketplace.atlassian.com/apps/1221570/jassistant?hosting=cloud&tab=overview
1220642,timeBro,0,0,0,4,4.0,"Jira Cloud,Jira Server",None,timeBro,Fully automatic time tracking ‚Äì timeBro automatically captures all your computer activities & exports your time tracking to Jira,https://marketplace.atlassian.com/apps/1220642/timebro?hosting=cloud&tab=overview
1218300,Timetracker - Time tracking jira client,0,0,0,5,3.5,"Jira Cloud,Jira Server",None,WebPal,"Chronos Timetracker - Desktop client for JIRA.  Track time, upload automatic and  manual worklogs without a hassle",https://marketplace.atlassian.com/apps/1218300/timetracker-time-tracking-jira-client?hosting=cloud&tab=overview
1220382,Jira Cloud for Google Sheets (Official),0,0,0,7,3.5,Jira Cloud,None,Atlassian,Jira in spreadsheets: the solution for your reporting pains,https://marketplace.atlassian.com/apps/1220382/jira-cloud-for-google-sheets-official?hosting=cloud&tab=overview
1221301,Jira Cloud for Excel (official),0,0,8420,7,3.0,Jira Cloud,None,Atlassian,Export Jira data to Excel - Combine the power of Jira with the flexibility of Excel,https://marketplace.atlassian.com/apps/1221301/jira-cloud-for-excel-official?hosting=cloud&tab=overview
1220276,Projectt,0,0,0,0,0.0,"Jira Cloud,Jira Server",None,RedAnt,Bring Jira and Harvest together! How is your project going against budget? Burning fast or slow? Find out in easy to read graphs,https://marketplace.atlassian.com/apps/1220276/projectt?hosting=cloud&tab=overview
1220282,Executive KPI Reporting for Jira,0,0,509,0,0.0,Jira Cloud,None,ServiceClarity for JIRA,Monitor organisation performance against strategic goals with real-time ServiceClarity KPI reporting tools,https://marketplace.atlassian.com/apps/1220282/executive-kpi-reporting-for-jira?hosting=cloud&tab=overview
1212190,Gallifrey - Time Tracking Assistant,0,0,998,0,0.0,"Jira Cloud,Jira Server",None,Chris Blyth,Assistant to help manage your 'wibbily wobbly timey wimey' for Jira,https://marketplace.atlassian.com/apps/1212190/gallifrey-time-tracking-assistant?hosting=server&tab=overview
1224145,Aggregate Analytics,0,0,41,0,0.0,Jira Server,None,Turgay √áelik,"Aggregate time and story point progress, view issue hierarchy as a tree, see anomalies and recommendations for epics",https://marketplace.atlassian.com/apps/1224145/aggregate-analytics?hosting=server&tab=overview
1222319,WageLog,¬†10.00,USD¬†0.95 per user (average),0,0,0.0,Jira Cloud,None,JonDos GmbH,Wage calculation based on worklogs - made easy,https://marketplace.atlassian.com/apps/1222319/wagelog?hosting=cloud&tab=overview
1221687,CB Time Report,¬†1.00,USD¬†0.50 per user (average),0,0,0.0,Jira Cloud,None,Citrusbits Inc.,Smart time reports and projects/sprints summary view,https://marketplace.atlassian.com/apps/1221687/cb-time-report?hosting=cloud&tab=overview
1211955,Time Logger for Jira,0,0,727,0,0.0,"Jira Cloud,Jira Server",None,Kvipu,Simple Windows desktop app for time tracking (worklog posting) using issue info from browser,https://marketplace.atlassian.com/apps/1211955/time-logger-for-jira?hosting=server&tab=overview
1224315,PPM for Jira from KeyedIn,0,0,0,0,0.0,"Jira Cloud,Jira Server",None,KeyedIn,"Jira-integrated project portfolio mgmt software brings together Agile development, Waterfall projects and more into one place",https://marketplace.atlassian.com/apps/1224315/ppm-for-jira-from-keyedin?hosting=cloud&tab=overview
1223737,Time Tracking for Jira with Monitask,0,0,0,0,0.0,"Jira Cloud,Jira Server",None,"FEST Technologies, LLC",Easy-to-use automatic time tracking software for Jira,https://marketplace.atlassian.com/apps/1223737/time-tracking-for-jira-with-monitask?hosting=cloud&tab=overview
1223505,CLI for developer worklog tracking,0,0,0,0,0.0,"Jira Cloud,Jira Server",None,Ruairi O'Donnell,Don't waste time adding Worklogs,https://marketplace.atlassian.com/apps/1223505/cli-for-developer-worklog-tracking?hosting=cloud&tab=overview
1222511,Tima - Track Time & Log Work in Jira,0,0,0,0,0.0,"Jira Cloud,Jira Server",None,FELGO GmbH,"Tima is the solution for all your day2day Jira needs when you‚Äôre on the road: track time, log work and view reports",https://marketplace.atlassian.com/apps/1222511/tima-track-time-log-work-in-jira?hosting=cloud&tab=overview
1221945,WT4 - Worklog tracker for Jira,0,0,1,0,0.0,"Jira Cloud,Jira Server",None,Marius Merkeviƒçius,Desktop app for tracking worklogs in Jira,https://marketplace.atlassian.com/apps/1221945/wt4-worklog-tracker-for-jira?hosting=cloud&tab=overview
1221431,WiseTime Autonomous Timekeeper - Server,0,0,0,0,0.0,Jira Server,None,WiseTime,Expertly automated timekeeping that doesn‚Äôt interrupt your workflow,https://marketplace.atlassian.com/apps/1221431/wisetime-autonomous-timekeeper-server?hosting=server&tab=overview
1219760,Comb helps teams ship software on time,0,0,0,0,0.0,"Jira Cloud,Jira Server",None,Comb,Turn story points into time estimates and notify the team when work won't be done on time. See where you're overestimating,https://marketplace.atlassian.com/apps/1219760/comb-helps-teams-ship-software-on-time?hosting=cloud&tab=overview
1213405,Hubstaff,0,0,0,0,0.0,Jira Server,None,Hubstaff,"Time tracking platform with proof of work that supports Mac, Windows, Linux, Android, iOS, Chromebook and Chrome browser",https://marketplace.atlassian.com/apps/1213405/hubstaff?hosting=server&tab=overview
